<?xml version="1.0" encoding="UTF-8"?>
<project xmlns="http://maven.apache.org/POM/4.0.0"
         xmlns:xsi="http://www.w3.org/2001/XMLSchema-instance"
         xsi:schemaLocation="http://maven.apache.org/POM/4.0.0 http://maven.apache.org/xsd/maven-4.0.0.xsd">
    <modelVersion>4.0.0</modelVersion>

    <groupId>com.mengxuegu</groupId>
    <artifactId>mengxuegu-security-parent</artifactId>
    <version>1.0-SNAPSHOT</version>
    <!--修改打包方式-->
    <packaging>pom</packaging>

    <!-- Spring Boot父工程-->
    <parent>
        <groupId>org.springframework.boot</groupId>
        <artifactId>spring-boot-starter-parent</artifactId>
        <version>2.2.0.RELEASE</version>
        <relativePath/>
    </parent>

    <!-- 依赖版本号 -->
    <properties>
        <mybatis-plus.version>3.2.0</mybatis-plus.version>
        <druid.version>1.1.12</druid.version>
        <oauth2-autoconfigure.version>2.1.3.RELEASE</oauth2-autoconfigure.version>
        <kaptcha.version>2.3.2</kaptcha.version>
        <fastjson.version>1.2.8</fastjson.version>
        <commons-lang.version>2.6</commons-lang.version>
        <commons-collections.version>3.2.2</commons-collections.version>
        <commons-io.version>2.6</commons-io.version>
        <!-- 定义版本号, 子模块直接引用-->
        <mengxuegu-security.version>1.0-SNAPSHOT</mengxuegu-security.version>
    </properties>

    <!-- 集中式管理依赖版本号,并没有真实依赖 -->
    <dependencyManagement>
        <dependencies>
            <!--mybatis-plus启动器-->
            <dependency>
                <groupId>com.baomidou</groupId>
                <artifactId>mybatis-plus-boot-starter</artifactId>
                <version>${mybatis-plus.version}</version>
            </dependency>
            <!--druid连接池-->
            <dependency>
                <groupId>com.alibaba</groupId>
                <artifactId>druid</artifactId>
                <version>${druid.version}</version>
            </dependency>

            <!--spring-security-oauth2、spring-security-jwt等-->
            <dependency>
                <groupId>org.springframework.security.oauth.boot</groupId>
                <artifactId>spring-security-oauth2-autoconfigure</artifactId>
                <version>${oauth2-autoconfigure.version}</version>
            </dependency>
            <!-- kaptcha 用于图形验证码 -->
            <dependency>
                <groupId>com.github.penggle</groupId>
                <artifactId>kaptcha</artifactId>
                <version>${kaptcha.version}</version>
            </dependency>

            <!-- 工具类依赖 -->
            <dependency>
                <groupId>com.alibaba</groupId>
                <artifactId>fastjson</artifactId>
                <version>${fastjson.version}</version>
            </dependency>

            <dependency>
                <groupId>commons-lang</groupId>
                <artifactId>commons-lang</artifactId>
                <version>${commons-lang.version}</version>
            </dependency>
            <dependency>
                <groupId>commons-collections</groupId>
                <artifactId>commons-collections</artifactId>
                <version>${commons-collections.version}</version>
            </dependency>
            <dependency>
                <groupId>commons-io</groupId>
                <artifactId>commons-io</artifactId>
                <version>${commons-io.version}</version>
            </dependency>
        </dependencies>
    </dependencyManagement>

    <!--聚合管理-->
    <modules>
    </modules>

    <build>
        <plugins>
            <plugin>
                <groupId>org.apache.maven.plugins</groupId>
                <artifactId>maven-compiler-plugin</artifactId>
                <version>3.7.0</version>
                <configuration>
                    <source>1.8</source>
                    <target>1.8</target>
                    <encoding>UTF-8</encoding>
                </configuration>
            </plugin>
        </plugins>
    </build>

</project>