<?xml version="1.0" encoding="UTF-8"?>
<project xmlns="http://maven.apache.org/POM/4.0.0"
         xmlns:xsi="http://www.w3.org/2001/XMLSchema-instance"
         xsi:schemaLocation="http://maven.apache.org/POM/4.0.0 http://maven.apache.org/xsd/maven-4.0.0.xsd">
    <parent>
        <artifactId>mengxuegu-security-parent</artifactId>
        <groupId>com.mengxuegu</groupId>
        <version>1.0-SNAPSHOT</version>
    </parent>
    <modelVersion>4.0.0</modelVersion>

    <artifactId>mengxuegu-security-core</artifactId>

    <dependencies>
        <!--依赖mengxuegu-security-base基础模块  -->
        <dependency>
            <groupId>com.mengxuegu</groupId>
            <artifactId>mengxuegu-security-base</artifactId>
            <version>${mengxuegu-security.version}</version>
        </dependency>

         <!-- spring security 启动器
        <dependency>
            <groupId>org.springframework.boot</groupId>
            <artifactId>spring-boot-starter-security</artifactId>
        </dependency>
		<dependency>
            <groupId>javax.servlet</groupId>
            <artifactId>servlet-api</artifactId>
            <version>2.5</version>
        </dependency>
		 -->
		 
        <!--图形验证码
        <dependency>
            <groupId>com.github.penggle</groupId>
            <artifactId>kaptcha</artifactId>
        </dependency>
		-->
        <!--数据库依赖
        <dependency>
            <groupId>org.springframework.boot</groupId>
            <artifactId>spring-boot-starter-jdbc</artifactId>
        </dependency>
        <dependency>
            <groupId>mysql</groupId>
            <artifactId>mysql-connector-java</artifactId>
        </dependency>
        -->
		
		<!--采用redis来管理session
        <dependency>
            <groupId>org.springframework.boot</groupId>
            <artifactId>spring-boot-starter-data-redis</artifactId>
        </dependency>
        <dependency>
            <groupId>org.springframework.session</groupId>
            <artifactId>spring-session-data-redis</artifactId>
        </dependency>
        -->
		
        <!--解决找不到 javax.annotation.meta.When.MAYBE
        <dependency>
            <groupId>com.google.code.findbugs</groupId>
            <artifactId>annotations</artifactId>
            <version>3.0.1</version>
        </dependency>
		-->
    </dependencies>
</project>