<?xml version="1.0" encoding="UTF-8"?>
<project xmlns="http://maven.apache.org/POM/4.0.0"
         xmlns:xsi="http://www.w3.org/2001/XMLSchema-instance"
         xsi:schemaLocation="http://maven.apache.org/POM/4.0.0 http://maven.apache.org/xsd/maven-4.0.0.xsd">
    <parent>
        <artifactId>mengxuegu-security-parent</artifactId>
        <groupId>com.mengxuegu</groupId>
        <version>1.0-SNAPSHOT</version>
        <relativePath>../pom.xml</relativePath>
    </parent>
    <modelVersion>4.0.0</modelVersion>

    <artifactId>mengxuegu-security-web</artifactId>

    <dependencies>
        <!-- web启动器, 对springmvc, servlet等支持  -->
        <dependency>
            <groupId>org.springframework.boot</groupId>
            <artifactId>spring-boot-starter-web</artifactId>
        </dependency	
        <!--权限核心模块, 注意：要放到 web启动器下面-->
        <dependency>
            <groupId>com.mengxuegu</groupId>
            <artifactId>mengxuegu-security-core</artifactId>
            <version>${mengxuegu-security.version}</version>
        </dependency>
        
        <!--mybatis-plus启动器
        <dependency>
            <groupId>com.baomidou</groupId>
            <artifactId>mybatis-plus-boot-starter</artifactId>
        </dependency>
		-->
        <!--druid连接池
        <dependency>
            <groupId>com.alibaba</groupId>
            <artifactId>druid</artifactId>
        </dependency>
		-->
        
        <!-- thymeleaf 模块启动器-->
        <dependency>
            <groupId>org.springframework.boot</groupId>
            <artifactId>spring-boot-starter-thymeleaf</artifactId>
        </dependency>
        
        <!--对Thymeleaf添加Spring Security标签支持
        <dependency>
            <groupId>org.thymeleaf.extras</groupId>
            <artifactId>thymeleaf-extras-springsecurity5</artifactId>
        </dependency>
        -->
        
		<!--bootstrap-table
		<dependency>
			<groupId>org.webjars.npm</groupId>
			<artifactId>bootstrap-table</artifactId>
			<version>1.14.1</version>
		</dependency>
		-->
		<!--jquery-treeGrid
		<dependency>
			<groupId>org.webjars.bower</groupId>
			<artifactId>jquery-treegrid</artifactId>
			<version>0.3.0</version>
			<exclusions>
				<exclusion>
					<artifactId>jquery</artifactId>
					<groupId>org.webjars.bower</groupId>
				</exclusion>
			</exclusions>
		</dependency>
		-->
		<!--layer
		<dependency>
			<groupId>org.webjars.bowergithub.sentsin</groupId>
			<artifactId>layer</artifactId>
			<version>3.1.1</version>
		</dependency>
		-->
		
        <!-- application.yml 配置处理器-->
        <dependency>
            <groupId>org.springframework.boot</groupId>
            <artifactId>spring-boot-configuration-processor</artifactId>
            <optional>true</optional>
        </dependency>
        
        <!-- springboot 单元测试 -->
        <dependency>
            <groupId>org.springframework.boot</groupId>
            <artifactId>spring-boot-starter-test</artifactId>
        </dependency>
        <!--热部署 ctrl+f9-->
        <dependency>
            <groupId>org.springframework.boot</groupId>
            <artifactId>spring-boot-devtools</artifactId>
        </dependency>
		
		
    </dependencies>

</project>